{"input_signs": [false], "client_parameters": {"bootstrapKeys": {}, "functionName": "main", "inputs": [{"encryption": {"encoding": {"precision": 12}, "secretKeyID": "big", "variance": 8.645717832544903e-32}, "shape": {"dimensions": [1, 3, 100, 100], "sign": false, "size": 30000, "width": 12}}], "keyswitchKeys": {}, "outputs": [{"encryption": {"encoding": {"precision": 12}, "secretKeyID": "big", "variance": 8.645717832544903e-32}, "shape": {"dimensions": [1, 3, 98, 98], "sign": false, "size": 28812, "width": 12}}], "packingKeys": {}, "secretKeys": {"big": {"dimension": 2048}}}, "output_signs": [true]}