{"input_signs": [false], "client_parameters": {"bootstrapKeys": {}, "functionName": "main", "inputs": [{"encryption": {"encoding": {"precision": 8}, "secretKeyID": "big", "variance": 1.6434266310406663e-15}, "shape": {"dimensions": [100, 100, 3], "sign": false, "size": 30000, "width": 8}}], "keyswitchKeys": {}, "outputs": [{"encryption": {"encoding": {"precision": 8}, "secretKeyID": "big", "variance": 1.6434266310406663e-15}, "shape": {"dimensions": [100, 100, 3], "sign": false, "size": 30000, "width": 8}}], "packingKeys": {}, "secretKeys": {"big": {"dimension": 1024}}}, "output_signs": [false]}