[
  {
    "bootstrapKeys": {
      "bsk_v0": {
        "baseLog": 23,
        "glweDimension": 2,
        "inputSecretKeyID": "small",
        "level": 1,
        "outputSecretKeyID": "big",
        "variance": 8.6457178325449035e-32
      }
    },
    "functionName": "main",
    "inputs": [
      {
        "encryption": {
          "encoding": {
            "precision": 3
          },
          "secretKeyID": "big",
          "variance": 8.6457178325449035e-32
        },
        "shape": {
          "dimensions": [
            1,
            768
          ],
          "size": 768,
          "width": 3
        }
      }
    ],
    "keyswitchKeys": {
      "ksk_v0": {
        "baseLog": 4,
        "inputSecretKeyID": "big",
        "level": 3,
        "outputSecretKeyID": "small",
        "variance": 3.608116461471668e-10
      }
    },
    "outputs": [
      {
        "encryption": {
          "encoding": {
            "precision": 3
          },
          "secretKeyID": "big",
          "variance": 8.6457178325449035e-32
        },
        "shape": {
          "dimensions": [
            150,
            1,
            1
          ],
          "size": 150,
          "width": 3
        }
      }
    ],
    "secretKeys": {
      "big": {
        "dimension": 2048
      },
      "small": {
        "dimension": 688
      }
    }
  }
]