{"input_signs": [false], "client_parameters": {"bootstrapKeys": {"bsk_v0": {"baseLog": 23, "glweDimension": 1, "inputSecretKeyID": "small", "level": 1, "outputSecretKeyID": "big", "variance": 4.905643852600863e-32}}, "functionName": "main", "inputs": [{"encryption": {"encoding": {"precision": 3}, "secretKeyID": "big", "variance": 4.905643852600863e-32}, "shape": {"dimensions": [1, 768], "size": 768, "width": 3}}], "keyswitchKeys": {"ksk_v0": {"baseLog": 3, "inputSecretKeyID": "big", "level": 4, "outputSecretKeyID": "small", "variance": 1.1603281414930846e-09}}, "outputs": [{"encryption": {"encoding": {"precision": 3}, "secretKeyID": "big", "variance": 4.905643852600863e-32}, "shape": {"dimensions": [150, 1, 1], "size": 150, "width": 3}}], "secretKeys": {"big": {"dimension": 2048}, "small": {"dimension": 639}}}, "output_signs": [true]}